"","num","cc","subversion","BR","CR","HR","IR","MR","GE","KR","PR","WI","SQ"
"1","0","BO",1,"BOBR01FL.dta",NA,NA,"BOIR01FL.DTA",NA,NA,"BOKR01FL.DTA",NA,NA,NA
"2","0","BR",1,"BRBR01FL.dta",NA,NA,"BRIR01FL.DTA",NA,NA,"BRKR01FL.DTA",NA,NA,NA
"3","0","BU",1,"BUBR01FL.dta",NA,NA,"BUIR02FL.DTA",NA,NA,"BUKR01FL.DTA",NA,NA,NA
"4","0","CO",1,"COBR01FL.dta",NA,NA,"COIR01FL.DTA",NA,NA,"COKR01FL.DTA",NA,NA,NA
"5","0","DR",1,"DRBR01FL.dta",NA,NA,"DRIR01FL.DTA",NA,NA,"DRKR01FL.DTA",NA,NA,NA
"6","0","EC",1,"ECBR01FL.dta",NA,NA,"ECIR01FL.DTA",NA,NA,"ECKR01FL.DTA",NA,NA,NA
"7","0","EG",1,"EGBR01FL.dta",NA,NA,"EGIR01FL.DTA",NA,NA,"EGKR01FL.DTA",NA,NA,NA
"8","0","ES",1,"ESBR01FL.DTA",NA,NA,"ESIR01FL.DTA",NA,NA,NA,NA,NA,NA
"9","0","GH",1,"GHBR02FL.dta",NA,NA,"GHIR02FL.DTA",NA,NA,"GHKR01FL.DTA",NA,NA,NA
"10","0","GU",1,"GUBR01FL.dta",NA,NA,"GUIR01FL.DTA",NA,NA,"GUKR01FL.DTA",NA,NA,NA
"11","0","ID",1,"IDBR01FL.dta",NA,NA,"IDIR01FL.DTA",NA,NA,"IDKR01FL.DTA",NA,NA,NA
"12","0","KE",1,"KEBR03FL.dta",NA,NA,"KEIR03FL.DTA",NA,NA,"KEKR01FL.DTA",NA,NA,NA
"13","0","LB",1,"LBBR01FL.dta",NA,NA,"LBIR01FL.DTA",NA,"LBGE03FL.shp","LBKR01FL.DTA",NA,NA,NA
"14","0","LK",1,"LKBR02FL.dta",NA,NA,"LKIR02FL.DTA",NA,NA,"LKKR01FL.DTA",NA,NA,NA
"15","0","MA",1,"MABR01FL.dta",NA,NA,"MAIR01FL.DTA",NA,NA,"MAKR01FL.DTA",NA,NA,NA
"16","0","ML",1,"MLBR01FL.dta",NA,NA,"MLIR01FL.DTA",NA,NA,"MLKR01FL.DTA",NA,NA,NA
"17","0","MX",1,"MXBR01FL.DTA",NA,NA,"MXIR01FL.DTA",NA,NA,"MXKR01FL.DTA",NA,NA,NA
"18","0","OS",1,"OSBR01FL.dta",NA,NA,"OSIR01FL.DTA",NA,NA,"OSKR01FL.DTA",NA,NA,NA
"19","0","PE",1,"PEBR01FL.dta",NA,NA,"PEIR01FL.DTA",NA,NA,"PEKR01FL.DTA",NA,NA,NA
"20","0","SD",1,"SDBR02FL.dta",NA,NA,"SDIR02FL.DTA",NA,NA,"SDKR01FL.DTA",NA,NA,NA
"21","0","SN",1,"SNBR02FL.dta",NA,NA,"SNIR02FL.DTA",NA,NA,"SNKR01FL.DTA",NA,NA,NA
"22","0","TG",1,"TGBR01FL.dta",NA,NA,"TGIR01FL.DTA",NA,"TGGE03FL.shp","TGKR01FL.DTA",NA,NA,"TGSQ01FL.DTA"
"23","0","TH",1,"THBR01FL.dta",NA,NA,"THIR01FL.DTA",NA,NA,"THKR01FL.DTA",NA,NA,NA
"24","0","TN",1,"TNBR02FL.dta",NA,NA,"TNIR02FL.DTA",NA,NA,"TNKR01FL.DTA",NA,NA,NA
"25","0","TT",1,"TTBR01FL.dta",NA,NA,"TTIR01FL.DTA",NA,NA,"TTKR01FL.DTA",NA,NA,NA
"26","0","UG",1,"UGBR01FL.dta",NA,NA,"UGIR01FL.DTA",NA,NA,"UGKR01FL.DTA",NA,NA,NA
"27","0","ZW",1,"ZWBR01FL.dta",NA,NA,"ZWIR01FL.DTA",NA,NA,"ZWKR01FL.DTA",NA,NA,"ZWSQ02FL.DTA"
"28","2","BF",1,"BFBR21FL.dta","BFCR21FL.DTA","BFHR21FL.DTA","BFIR21FL.DTA","BFMR21FL.DTA","BFGE23FL.shp","BFKR21FL.DTA","BFPR21FL.DTA","BFWI21FL.DTA",NA
"29","2","BR",1,"BRBR21FL.dta",NA,"BRHR21FL.DTA","BRIR21FL.DTA",NA,NA,"BRKR21FL.DTA","BRPR21FL.DTA",NA,NA
"30","2","CM",1,"CMBR22FL.dta","CMCR21FL.DTA","CMHR22FL.DTA","CMIR22FL.DTA","CMMR21FL.DTA","CMGE23FL.shp","CMKR21FL.DTA","CMPR22FL.DTA","CMWI22FL.DTA",NA
"31","2","CO",1,"cobr22fl.dta",NA,"cohr22fl.dta","coir22fl.dta",NA,NA,"cokr22fl.dta","copr22fl.dta","COWI22FL.DTA",NA
"32","2","DR",1,"DRBR21FL.dta",NA,"DRHR21FL.DTA","DRIR21FL.DTA",NA,NA,"DRKR21FL.DTA","DRPR21FL.DTA",NA,NA
"33","2","EG",1,"EGBR21FL.dta",NA,"EGHR21FL.DTA","EGIR21FL.DTA",NA,"EGGE22FL.shp","EGKR21FL.DTA","EGPR21FL.DTA",NA,NA
"34","2","IA",1,"IABR23FL.DTA",NA,"IAHR23FL.DTA","IAIR23FL.DTA",NA,NA,"IAKR23FL.DTA","IAPR23FL.DTA","IAWI22FL.DTA",NA
"35","2","ID",1,"IDBR21FL.dta",NA,"IDHR21FL.DTA","IDIR21FL.DTA",NA,NA,"IDKR21FL.DTA","IDPR21FL.DTA",NA,NA
"36","2","JO",1,"JOBR21FL.dta",NA,"JOHR21FL.DTA","JOIR21FL.DTA",NA,NA,"JOKR21FL.DTA","JOPR21FL.DTA","JOWI21FL.DTA","JOSQ22FL.DTA"
"37","2","MA",1,"MABR21FL.dta",NA,"MAHR21FL.DTA","MAIR21FL.DTA",NA,NA,"MAKR21FL.DTA","MAPR21FL.DTA","MAWI21FL.DTA",NA
"38","2","MD",1,"MDBR21FL.dta",NA,"MDHR21FL.DTA","MDIR21FL.DTA",NA,NA,"MDKR21FL.DTA","MDPR21FL.DTA",NA,NA
"39","2","MW",1,"MWBR22FL.dta","MWCR21FL.DTA","MWHR22FL.DTA","MWIR22FL.DTA","MWMR21FL.DTA",NA,"MWKR21FL.DTA","MWPR22FL.DTA","MWWI22FL.DTA",NA
"40","2","NG",1,"NGBR21FL.dta",NA,"NGHR21FL.DTA","NGIR21FL.DTA",NA,"NGGE23FL.shp","NGKR21FL.DTA","NGPR21FL.DTA","NGWI21FL.DTA",NA
"41","2","NI",1,"NIBR22FL.dta","NICR21FL.DTA","NIHR22FL.DTA","NIIR22FL.DTA","NIMR21FL.DTA","NIGE23FL.shp","NIKR21FL.DTA","NIPR22FL.DTA",NA,NA
"42","2","NM",1,"NMBR21FL.dta",NA,"NMHR21FL.DTA","NMIR21FL.DTA",NA,NA,"NMKR21FL.DTA","NMPR21FL.DTA","NMWI21FL.DTA",NA
"43","2","PE",1,"PEBR21FL.dta",NA,"PEHR21FL.DTA","PEIR21FL.DTA",NA,NA,"PEKR21FL.DTA","PEPR21FL.DTA","PEWI21FL.DTA",NA
"44","2","PK",1,"PKBR21FL.dta","PKCR21FL.DTA","PKHR21FL.DTA","PKIR21FL.DTA","PKMR21FL.DTA",NA,"PKKR21FL.DTA","PKPR21FL.DTA","PKWI21FL.DTA",NA
"45","2","PY",1,"PYBR21FL.dta",NA,"PYHR21FL.DTA","PYIR21FL.DTA",NA,NA,"PYKR21FL.DTA","PYPR21FL.DTA","PYWI21FL.DTA",NA
"46","2","RW",1,"RWBR21FL.dta","RWCR21FL.DTA","RWHR21FL.DTA","RWIR21FL.DTA","RWMR21FL.DTA",NA,"RWKR21FL.DTA","RWPR21FL.DTA","RWWI21FL.DTA",NA
"47","2","SN",1,"SNBR21FL.dta","SNCR21FL.DTA","SNHR21FL.DTA","SNIR21FL.DTA","SNMR21FL.DTA","SNGE23FL.shp","SNKR21FL.DTA","SNPR21FL.DTA",NA,NA
"48","2","TZ",1,"TZBR21FL.dta","TZCR21FL.DTA","TZHR21FL.DTA","TZIR21FL.DTA","TZMR21FL.DTA",NA,"TZKR21FL.DTA","TZPR21FL.DTA",NA,NA
"49","2","YE",1,"YEBR21FL.dta",NA,"YEHR21FL.DTA","YEIR21FL.DTA",NA,NA,"YEKR21FL.DTA","YEPR21FL.DTA",NA,NA
"50","2","ZM",1,"ZMBR21FL.dta",NA,"ZMHR21FL.DTA","ZMIR21FL.DTA",NA,NA,"ZMKR21FL.DTA","ZMPR21FL.DTA",NA,NA
"51","3","BD",1,"BDBR31FL.dta","BDCR31FL.DTA","BDHR31FL.DTA","BDIR31FL.DTA","BDMR31FL.DTA",NA,"BDKR31FL.DTA","BDPR31FL.DTA","BDWI31FL.DTA",NA
"52","3","BD",2,"BDBR3AFL.dta","BDCR3AFL.DTA","BDHR3AFL.DTA","BDIR3AFL.DTA","BDMR3AFL.DTA",NA,"BDKR3AFL.DTA","BDPR3AFL.DTA","BDWI3AFL.DTA",NA
"53","3","BF",1,"BFBR31FL.dta","BFCR31FL.DTA","BFHR31FL.DTA","BFIR31FL.DTA","BFMR31FL.DTA","BFGE32FL.shp","BFKR31FL.DTA","BFPR31FL.DTA","BFWI31FL.DTA",NA
"54","3","BJ",1,"BJBR31FL.dta","BJCR31FL.DTA","BJHR31FL.DTA","BJIR31FL.DTA","BJMR31FL.DTA","BJGE33FL.shp","BJKR31FL.DTA","BJPR31FL.DTA","BJWI31FL.DTA",NA
"55","3","BO",1,"BOBR31FL.dta",NA,"BOHR31FL.DTA","BOIR31FL.DTA",NA,NA,"BOKR31FL.DTA","BOPR31FL.DTA","BOWI31FL.DTA",NA
"56","3","BO",2,"BOBR3BFL.dta","BOCR3BFL.DTA","BOHR3BFL.DTA","BOIR3BFL.DTA","BOMR3BFL.DTA",NA,"BOKR3BFL.DTA","BOPR3BFL.DTA","BOWI3BFL.DTA",NA
"57","3","BR",1,"BRBR31FL.dta","BRCR31FL.DTA","BRHR31FL.DTA","BRIR31FL.DTA","BRMR31FL.DTA",NA,"BRKR31FL.DTA","BRPR31FL.DTA","BRWI31FL.DTA",NA
"58","3","CF",1,"CFBR31FL.dta","CFCR31FL.DTA","CFHR31FL.DTA","CFIR31FL.DTA","CFMR31FL.DTA","CFGE33FL.shp","CFKR31FL.DTA","CFPR31FL.DTA","CFWI31FL.DTA",NA
"59","3","CI",1,"CIBR35FL.dta","CICR35FL.DTA","CIHR35FL.DTA","CIIR35FL.DTA","CIMR33FL.DTA","CIGE33FL.shp","CIKR35FL.DTA","CIPR35FL.DTA","CIWI34FL.DTA",NA
"60","3","CI",2,"CIBR3AFL.dta","CICR3AFL.DTA","CIHR3AFL.DTA","CIIR3AFL.DTA","CIMR3AFL.DTA","CIGE3BFL.shp","CIKR3AFL.DTA","CIPR3AFL.DTA","CIWI3AFL.DTA",NA
"61","3","CM",1,"CMBR31FL.dta","CMCR31FL.DTA","CMHR31FL.DTA","CMIR31FL.DTA","CMMR31FL.DTA",NA,"CMKR31FL.DTA","CMPR31FL.DTA","CMWI31FL.DTA",NA
"62","3","CO",1,"COBR31FL.dta",NA,"COHR31FL.DTA","COIR31FL.DTA",NA,NA,"COKR31FL.DTA","COPR31FL.DTA","COWI31FL.DTA",NA
"63","3","DR",1,"DRBR32FL.dta","DRCR31FL.DTA","DRHR32FL.DTA","DRIR32FL.DTA","DRMR31FL.DTA",NA,"DRKR31FL.DTA","DRPR32FL.DTA","DRWI32FL.DTA",NA
"64","3","EG",1,"EGBR33FL.dta",NA,"EGHR33FL.DTA","EGIR33FL.DTA",NA,"EGGE32FL.shp","EGKR33FL.DTA","EGPR33FL.DTA","EGWI32FL.DTA",NA
"65","3","GH",1,"GHBR31FL.dta","GHCR31FL.DTA","GHHR31FL.DTA","GHIR31FL.DTA","GHMR31FL.DTA","GHGE33FL.shp","GHKR31FL.DTA","GHPR31FL.DTA","GHWI31FL.DTA",NA
"66","3","GU",1,"GUBR34FL.dta",NA,"GUHR34FL.DTA","GUIR34FL.DTA",NA,NA,"GUKR34FL.DTA","GUPR34FL.DTA","GUWI33FL.DTA",NA
"67","3","HT",1,"HTBR31FL.dta","HTCR31FL.DTA","HTHR31FL.DTA","HTIR31FL.DTA","HTMR31FL.DTA",NA,"HTKR31FL.DTA","HTPR31FL.DTA","HTWI31FL.DTA",NA
"68","3","ID",1,"IDBR31FL.dta",NA,"IDHR31FL.DTA","IDIR31FL.DTA",NA,NA,"IDKR31FL.DTA","IDPR31FL.DTA",NA,NA
"69","3","ID",2,"IDBR3AFL.dta",NA,"IDHR3AFL.DTA","IDIR3AFL.DTA",NA,NA,"IDKR3AFL.DTA","IDPR3AFL.DTA","IDWI3AFL.DTA",NA
"70","3","JO",1,"JOBR31FL.dta",NA,"JOHR31FL.DTA","JOIR31FL.DTA",NA,NA,"JOKR31FL.DTA","JOPR31FL.DTA","JOWI31FL.DTA",NA
"71","3","KE",1,"KEBR33FL.dta","KECR32FL.DTA","KEHR33FL.DTA","KEIR33FL.DTA","KEMR32FL.DTA",NA,"KEKR31FL.DTA","KEPR33FL.DTA","KEWI31FL.DTA",NA
"72","3","KE",2,"KEBR3AFL.dta","KECR3AFL.DTA","KEHR3AFL.DTA","KEIR3AFL.DTA","KEMR3AFL.DTA",NA,"KEKR3AFL.DTA","KEPR3AFL.DTA","KEWI3AFL.DTA",NA
"73","3","KK",1,"KKBR31FL.dta",NA,"KKHR31FL.DTA","KKIR31FL.DTA",NA,NA,"KKKR31FL.DTA","KKPR31FL.DTA","KKWI31FL.DTA",NA
"74","3","KM",1,"KMBR32FL.dta","KMCR31FL.DTA","KMHR32FL.DTA","KMIR32FL.DTA","KMMR31FL.DTA",NA,"KMKR31FL.DTA","KMPR32FL.DTA","KMWI32FL.DTA",NA
"75","3","KY",1,"KYBR31FL.dta",NA,"KYHR31FL.DTA","KYIR31FL.DTA",NA,NA,"KYKR31FL.DTA","KYPR31FL.DTA","KYWI31FL.DTA",NA
"76","3","MD",1,"MDBR31FL.dta",NA,"MDHR31FL.DTA","MDIR31FL.DTA",NA,"MDGE32FL.shp","MDKR31FL.DTA","MDPR31FL.DTA","MDWI31FL.DTA",NA
"77","3","ML",1,"MLBR32FL.dta","MLCR31FL.DTA","MLHR32FL.DTA","MLIR32FL.DTA","MLMR31FL.DTA","MLGE33FL.shp","MLKR31FL.DTA","MLPR32FL.DTA","MLWI32FL.DTA",NA
"78","3","MZ",1,"MZBR31FL.dta","MZCR31FL.DTA","MZHR31FL.DTA","MZIR31FL.DTA","MZMR31FL.DTA",NA,"MZKR31FL.DTA","MZPR31FL.DTA","MZWI31FL.DTA",NA
"79","3","NC",1,"NCBR31FL.dta","NCCR31FL.DTA","NCHR31FL.DTA","NCIR31FL.DTA","NCMR31FL.DTA",NA,"NCKR31FL.DTA","NCPR31FL.DTA","NCWI31FL.DTA",NA
"80","3","NI",1,"NIBR31FL.dta","NICR31FL.DTA","NIHR31FL.DTA","NIIR31FL.DTA","NIMR31FL.DTA","NIGE32FL.shp","NIKR31FL.DTA","NIPR31FL.DTA","NIWI31FL.DTA",NA
"81","3","NP",1,"NPBR31FL.dta",NA,"NPHR31FL.DTA","NPIR31FL.DTA",NA,NA,"NPKR31FL.DTA","NPPR31FL.DTA","NPWI31FL.DTA",NA
"82","3","PE",1,"PEBR31FL.dta","PECR31FL.DTA","PEHR31FL.DTA","PEIR31FL.DTA","PEMR31FL.DTA",NA,"PEKR31FL.DTA","PEPR31FL.DTA","PEWI31FL.DTA",NA
"83","3","PH",1,"PHBR31FL.dta",NA,"PHHR31FL.DTA","PHIR31FL.DTA",NA,NA,"PHKR31FL.DTA","PHPR31FL.DTA","PHWI31FL.DTA",NA
"84","3","PH",2,"PHBR3BFL.DTA",NA,"PHHR3BFL.DTA","PHIR3BFL.DTA",NA,NA,"PHKR3BFL.DTA","PHPR3BFL.DTA","PHWI3AFL.DTA",NA
"85","3","SN",1,"SNBR32FL.dta","SNCR31FL.DTA","SNHR32FL.DTA","SNIR32FL.DTA","SNMR31FL.DTA","SNGE32FL.shp","SNKR32FL.DTA","SNPR32FL.DTA","SNWI32FL.DTA",NA
"86","3","TD",1,"TDBR31FL.dta","TDCR31FL.DTA","TDHR31FL.DTA","TDIR31FL.DTA","TDMR31FL.DTA",NA,"TDKR31FL.DTA","TDPR31FL.DTA","TDWI31FL.DTA",NA
"87","3","TG",1,"TGBR31FL.dta","TGCR31FL.DTA","TGHR31FL.DTA","TGIR31FL.DTA","TGMR31FL.DTA","TGGE32FL.shp","TGKR31FL.DTA","TGPR31FL.DTA","TGWI31FL.DTA",NA
"88","3","TR",1,"TRBR31FL.dta",NA,"TRHR31FL.DTA","TRIR31FL.DTA",NA,NA,"TRKR31FL.DTA","TRPR31FL.DTA","TRWI31FL.DTA",NA
"89","3","TZ",2,"TZBR3AFL.dta","TZCR3AFL.DTA","TZHR3AFL.DTA","TZIR3AFL.DTA","TZMR3AFL.DTA",NA,"TZKR3AFL.DTA","TZPR3AFL.DTA","TZWI3AFL.DTA",NA
"90","3","UG",1,"UGBR33FL.dta","UGCR33FL.DTA","UGHR33FL.DTA","UGIR33FL.DTA","UGMR33FL.DTA",NA,"UGKR33FL.DTA","UGPR33FL.DTA","UGWI33FL.DTA",NA
"91","3","UZ",1,"UZBR31FL.dta",NA,"UZHR31FL.DTA","UZIR31FL.DTA",NA,NA,"UZKR31FL.DTA","UZPR31FL.DTA","UZWI31FL.DTA",NA
"92","3","VN",1,"VNBR31FL.dta",NA,"VNHR31FL.DTA","VNIR31FL.DTA",NA,NA,"VNKR31FL.DTA","VNPR31FL.DTA","VNWI31FL.DTA",NA
"93","3","ZA",1,"ZABR31FL.dta",NA,"ZAHR31FL.DTA","ZAIR31FL.DTA",NA,NA,"ZAKR31FL.DTA","ZAPR31FL.DTA","ZAWI31FL.DTA",NA
"94","3","ZM",1,"ZMBR31FL.dta","ZMCR31FL.DTA","ZMHR31FL.DTA","ZMIR31FL.DTA","ZMMR31FL.DTA",NA,"ZMKR31FL.DTA","ZMPR31FL.DTA","ZMWI31FL.DTA",NA
"95","3","ZW",1,"ZWBR31FL.dta","ZWCR31FL.DTA","ZWHR31FL.DTA","ZWIR31FL.DTA","ZWMR31FL.DTA",NA,"ZWKR31FL.DTA","ZWPR31FL.DTA","ZWWI31FL.DTA","ZWSQ30FL.DTA"
"96","4","AM",1,"AMBR42FL.dta","AMCR42FL.DTA","AMHR42FL.DTA","AMIR42FL.DTA","AMMR41FL.DTA",NA,"AMKR42FL.DTA","AMPR42FL.DTA","AMwi42fl.dta",NA
"97","4","AP",1,"APBR42FL.dta",NA,"APHR42FL.DTA","APIR42FL.DTA",NA,NA,"APKR42FL.DTA",NA,NA,NA
"98","4","AR",1,"ARBR42FL.dta",NA,"ARHR42FL.DTA","ARIR42FL.DTA",NA,NA,"ARKR42FL.DTA",NA,NA,NA
"99","4","AS",1,"ASBR42FL.dta",NA,"ASHR42FL.DTA","ASIR42FL.DTA",NA,NA,"ASKR42FL.DTA",NA,NA,NA
"100","4","BD",1,"BDBR41FL.dta","BDCR41FL.DTA","BDHR41FL.DTA","BDIR41FL.DTA","BDMR41FL.DTA","BDGE42FL.shp","BDKR41FL.DTA","BDPR41FL.DTA","BDWI41FL.DTA",NA
"101","4","BD",3,"BDBR4JFL.dta","BDCR4JFL.DTA","BDHR4JFL.DTA","BDIR4JFL.DTA","BDMR4JFL.DTA","BDGE4JFL.shp","BDKR4JFL.DTA","BDPR4JFL.DTA",NA,NA
"102","4","BF",1,"BFBR43FL.dta","BFCR41FL.DTA","BFHR43FL.dta","BFIR43FL.dta","BFMR41FL.DTA","BFGE43FL.shp","BFKR43FL.dta","BFPR44FL.DTA",NA,NA
"103","4","BH",1,"BHBR42FL.dta",NA,"BHHR42FL.DTA","BHIR42FL.DTA",NA,NA,"BHKR42FL.DTA",NA,NA,NA
"104","4","BJ",1,"BJBR41FL.dta","BJCR41FL.DTA","BJHR41FL.DTA","BJIR41FL.DTA","BJMR41FL.DTA","BJGE42FL.shp","BJKR41FL.DTA","BJPR41FL.DTA","BJWI41FL.DTA",NA
"105","4","BO",1,"BOBR41FL.dta","BOCR41FL.DTA","BOHR41FL.DTA","BOIR41FL.DTA","BOMR41FL.DTA",NA,"BOKR41FL.DTA","BOPR41FL.DTA",NA,NA
"106","4","CM",1,"CMBR44FL.dta","CMCR44FL.dta","CMHR44FL.dta","CMIR44FL.dta","CMMR44FL.dta","CMGE42FL.shp","CMKR44FL.dta","CMPR45FL.DTA",NA,NA
"107","4","CO",1,"COBR41FL.dta",NA,"COHR41FL.DTA","COIR41FL.DTA",NA,NA,"COKR41FL.DTA","COPR41FL.DTA","COWI41FL.DTA",NA
"108","4","DL",1,"DLBR42FL.dta",NA,"DLHR42FL.DTA","DLIR42FL.DTA",NA,NA,"DLKR42FL.DTA",NA,NA,NA
"109","4","DR",1,"DRBR41FL.dta","DRCR41FL.DTA","DRHR41FL.DTA","DRIR41FL.DTA","DRMR41FL.DTA",NA,"DRKR41FL.DTA","DRPR41FL.DTA","DRWI41FL.DTA",NA
"110","4","DR",2,"DRBR4AFL.dta","DRCR4AFL.DTA","DRHR4AFL.DTA","DRIR4AFL.DTA","DRMR4AFL.DTA",NA,"DRKR4AFL.DTA","DRPR4BFL.DTA","DRWI4AFL.DTA",NA
"111","4","EG",1,"EGBR42FL.DTA",NA,"EGHR42FL.DTA","EGIR42FL.DTA",NA,"EGGE42FL.shp","EGKR42FL.DTA","EGPR42FL.DTA","EGWI41FL.DTA",NA
"112","4","EG",2,"EGBR4AFL.dta",NA,"EGHR4AFL.DTA","EGIR4AFL.DTA",NA,"EGGE4BFL.shp","EGKR4AFL.DTA","EGPR4AFL.DTA","EGWI4AFL.DTA",NA
"113","4","ET",1,"ETBR41FL.dta","ETCR41FL.DTA","ETHR41FL.DTA","ETIR41FL.DTA","ETMR41FL.DTA","ETGE42FL.shp","ETKR41FL.DTA","ETPR41FL.DTA","ETWI41FL.DTA",NA
"114","4","GA",1,"GABR41FL.DTA","gacr41fl.dta","GAHR41FL.DTA","GAIR41FL.DTA","GAMR41FL.DTA",NA,"GAKR41FL.DTA","GAPR41FL.DTA","GAWI41FL.DTA",NA
"115","4","GH",1,"GHBR41FL.dta","GHCR41FL.DTA","GHHR41FL.DTA","GHIR41FL.DTA","GHMR41FL.DTA","GHGE42FL.shp","GHKR41FL.DTA","GHPR41FL.DTA","GHWI41FL.DTA",NA
"116","4","GH",2,"GHBR4BFL.DTA","GHCR4BFL.DTA","GHHR4BFL.DTA","GHIR4BFL.DTA","GHMR4BFL.DTA","GHGE4BFL.shp","GHKR4BFL.DTA","GHPR4BFL.DTA",NA,NA
"117","4","GJ",1,"GJBR42FL.dta",NA,"GJHR42FL.DTA","GJIR42FL.DTA",NA,NA,"GJKR42FL.DTA",NA,NA,NA
"118","4","GN",1,"GNBR41FL.dta","GNCR41FL.DTA","GNHR41FL.DTA","GNIR41FL.DTA","GNMR41FL.DTA","GNGE42FL.shp","GNKR41FL.DTA","GNPR41FL.DTA","GNWI41FL.DTA",NA
"119","4","GO",1,"GOBR42FL.dta",NA,"GOHR42FL.DTA","GOIR42FL.DTA",NA,NA,"GOKR42FL.DTA",NA,NA,NA
"120","4","GU",1,"GUBR41FL.dta",NA,"GUHR41FL.DTA","GUIR41FL.DTA",NA,NA,"GUKR41FL.DTA","GUPR41FL.DTA","GUWI42FL.DTA",NA
"121","4","HP",1,"HPBR42FL.dta",NA,"HPHR42FL.DTA","HPIR42FL.DTA",NA,NA,"HPKR42FL.DTA",NA,NA,NA
"122","4","HR",1,"HRBR42FL.dta",NA,"HRHR42FL.DTA","HRIR42FL.DTA",NA,NA,"HRKR42FL.DTA",NA,NA,NA
"123","4","HT",1,"HTBR42FL.dta","HTCR42FL.dta","HTHR42FL.dta","HTIR42FL.dta","HTMR42FL.dta","HTGE42FL.shp","HTKR42FL.dta","HTPR42FL.dta","HTwi42fl.dta",NA
"124","4","IA",1,"IABR42FL.dta",NA,"IAHR42FL.DTA","IAIR42FL.DTA",NA,NA,"IAKR42FL.DTA","IAPR42FL.DTA","IAWI41FL.DTA",NA
"125","4","ID",1,"IDBR42FL.DTA","IDCR42FL.DTA","IDHR42FL.DTA","IDIR42FL.DTA","IDMR42FL.DTA","IDGE43FL.shp","IDKR42FL.DTA","IDPR42FL.DTA",NA,NA
"126","4","JM",1,"JMBR42FL.dta",NA,NA,"JMIR42FL.DTA",NA,NA,NA,NA,NA,NA
"127","4","JO",1,"JOBR42FL.dta",NA,"JOHR42FL.DTA","JOIR42FL.DTA",NA,"JOGE43FL.shp","JOKR42FL.DTA","JOPR42FL.DTA","JOWI41FL.DTA",NA
"128","4","KA",1,"KABR42FL.dta",NA,NA,NA,NA,NA,"KAKR42FL.DTA",NA,NA,NA
"129","4","KE",1,"KEBR42FL.DTA","KECR42FL.DTA","KEHR42FL.DTA","KEIR42FL.DTA","KEMR42FL.DTA","KEGE43FL.shp","KEKR42FL.DTA","KEPR42FL.DTA",NA,NA
"130","4","KH",1,"KHBR42FL.dta",NA,"KHHR42FL.dta","KHIR42FL.dta",NA,"KHGE43FL.shp","KHKR42FL.dta","KHPR42FL.dta","KHWI41FL.DTA",NA
"131","4","KK",1,"KKBR42FL.DTA","KKCR42FL.DTA","KKHR42FL.DTA","KKIR42FL.DTA","KKMR41FL.DTA",NA,"KKKR42FL.DTA","KKPR42FL.DTA","KKwi42fl.dta",NA
"132","4","LS",1,"LSBR41FL.dta","LSCR41FL.dta","LSHR41FL.dta","LSIR41FL.dta","LSMR41FL.dta","LSGE42FL.shp","LSKR41FL.dta","LSPR41FL.dta",NA,NA
"133","4","MA",1,"MABR43FL.dta",NA,"MAHR43FL.dta","MAIR43FL.dta",NA,"MAGE43FL.shp","MAKR43FL.dta","MAPR43FL.dta",NA,NA
"134","4","MD",1,"MDBR42FL.DTA","MDCR42FL.DTA","MDHR42FL.DTA","MDIR42FL.DTA","MDMR42FL.DTA",NA,"MDKR42FL.DTA","MDPR42FL.DTA",NA,NA
"135","4","MG",1,"MGBR42FL.dta",NA,"MGHR42FL.DTA","MGIR42FL.DTA",NA,NA,"MGKR42FL.DTA",NA,NA,NA
"136","4","MH",1,"MHBR42FL.dta",NA,NA,"MHIR42FL.DTA",NA,NA,"MHKR42FL.DTA",NA,NA,NA
"137","4","ML",1,"MLBR41FL.dta","MLCR41FL.DTA","MLHR41FL.DTA","MLIR41FL.DTA","MLMR41FL.DTA","MLGE42FL.shp","MLKR41FL.DTA","MLPR41FL.DTA","MLwi42fl.dta",NA
"138","4","MN",1,"MNBR42FL.dta",NA,"MNHR42FL.DTA","MNIR42FL.DTA",NA,NA,"MNKR42FL.DTA",NA,NA,NA
"139","4","MP",1,"MPBR42FL.dta",NA,"MPHR42FL.DTA","MPIR42FL.DTA",NA,NA,"MPKR42FL.DTA",NA,NA,NA
"140","4","MW",1,"MWBR41FL.dta","MWCR41FL.DTA","MWHR41FL.DTA","MWIR41FL.DTA","MWMR41FL.DTA","MWGE43FL.shp","MWKR41FL.DTA","MWPR41FL.DTA","MWwi42fl.dta",NA
"141","4","MW",2,"MWBR4EFL.DTA","MWCR4EFL.DTA","MWHR4EFL.DTA","MWIR4EFL.DTA","MWMR4EFL.DTA","MWGE4BFL.shp","MWKR4EFL.DTA","MWPR4EFL.DTA",NA,NA
"142","4","MZ",1,"MZBR42FL.dta","MZCR41FL.DTA","MZHR42FL.DTA","MZIR42FL.DTA","MZMR41FL.DTA",NA,"MZKR42FL.DTA","MZPR41FL.DTA",NA,NA
"143","4","NA",1,"NABR42FL.dta",NA,"NAHR42FL.DTA","NAIR42FL.DTA",NA,NA,"NAKR42FL.DTA",NA,NA,NA
"144","4","NC",1,"NCBR41FL.dta",NA,"NCHR41FL.DTA","NCIR41FL.DTA",NA,NA,"NCKR41FL.DTA","NCPR41FL.DTA","NCWI41FL.DTA",NA
"145","4","NG",2,"NGBR4BFL.dta","NGCR4AFL.DTA","NGHR4BFL.DTA","NGIR4BFL.DTA","NGMR4AFL.DTA","NGGE4BFL.shp","NGKR4BFL.DTA","NGPR4CFL.DTA",NA,NA
"146","4","NM",1,"NMBR41FL.dta","NMCR41FL.DTA","NMHR41FL.DTA","NMIR41FL.DTA","NMMR41FL.DTA","NMGE42FL.shp","NMKR41FL.DTA","NMPR41FL.DTA","NMWI41FL.DTA",NA
"147","4","NP",1,"NPBR41FL.dta","NPCR41FL.DTA","NPHR41FL.DTA","NPIR41FL.DTA","NPMR41FL.DTA","NPGE42FL.shp","NPKR41FL.DTA","NPPR41FL.DTA","NPWI41FL.DTA",NA
"148","4","OR",1,"ORBR42FL.dta",NA,"ORHR42FL.DTA","ORIR42FL.DTA",NA,NA,"ORKR42FL.DTA",NA,NA,NA
"149","4","PE",1,"PEBR41FL.dta",NA,"PEHR41FL.DTA","PEIR41FL.DTA",NA,"PEGE44FL.shp","PEKR41FL.DTA","PEPR41FL.DTA","PEWI41FL.DTA",NA
"150","4","PH",1,"PHBR41FL.dta","PHCR41FL.DTA","PHHR41FL.DTA","PHIR41FL.DTA","PHMR41FL.DTA","PHGE43FL.shp","PHKR41FL.DTA","PHPR41FL.DTA",NA,NA
"151","4","PJ",1,"PJBR42FL.dta",NA,"PJHR42FL.DTA","PJIR42FL.DTA",NA,NA,"PJKR42FL.DTA",NA,NA,NA
"152","4","RJ",1,"RJBR42FL.dta",NA,"RJHR42FL.DTA","RJIR42FL.DTA",NA,NA,"RJKR42FL.DTA",NA,NA,NA
"153","4","RW",1,"RWBR41FL.DTA","RWCR41FL.DTA","RWHR41FL.DTA","RWIR41FL.DTA","RWMR41FL.DTA",NA,"RWKR41FL.DTA","RWPR41FL.DTA","RWwi42fl.dta",NA
"154","4","SK",1,"SKBR42FL.dta",NA,"SKHR42FL.DTA","SKIR42FL.DTA",NA,NA,"SKKR42FL.DTA",NA,NA,NA
"155","4","SN",2,"SNBR4HFL.dta","SNCR4HFL.dta","SNHR4HFL.DTA","SNIR4HFL.dta","SNMR4HFL.dta","SNGE4BFL.shp","SNKR4HFL.dta","SNPR4HFL.DTA",NA,NA
"156","4","TD",1,"TDBR41FL.DTA","TDCR41FL.DTA","TDHR41FL.DTA","TDIR41FL.DTA","TDMR41FL.DTA",NA,"TDKR41FL.DTA","TDPR41FL.DTA",NA,NA
"157","4","TN",1,"TNBR42FL.dta",NA,"TNHR42FL.DTA","TNIR42FL.DTA",NA,NA,"TNKR42FL.DTA",NA,NA,NA
"158","4","TR",1,"TRBR42FL.dta","TRCR41FL.DTA","TRHR42FL.DTA","TRIR42FL.DTA","TRMR41FL.DTA",NA,"TRKR42FL.DTA","TRPR41FL.DTA","TRWI41FL.DTA",NA
"159","4","TR",2,"TRBR4AFL.DTA",NA,"TRHR4AFL.DTA","TRIR4AFL.DTA",NA,NA,"TRKR4AFL.DTA","TRPR4AFL.DTA",NA,NA
"160","4","TZ",1,"TZBR41FL.dta","TZCR41FL.DTA","TZHR41FL.DTA","TZIR41FL.DTA","TZMR41FL.DTA","TZGE43FL.shp","TZKR41FL.DTA","TZPR41FL.DTA","TZWI41FL.DTA",NA
"161","4","TZ",2,NA,NA,"tzhr4afl.dta","tzir4afl.dta",NA,"TZGE4CFL.shp",NA,"tzpr4afl.dta",NA,NA
"162","4","TZ",3,"TZBR4IFL.DTA","TZCR4IFL.DTA","TZHR4IFL.DTA","TZIR4IFL.DTA","TZMR4IFL.DTA",NA,"TZKR4IFL.DTA","TZPR4IFL.DTA",NA,NA
"163","4","UG",1,"UGBR41FL.dta","UGCR41FL.DTA","UGHR41FL.DTA","UGIR41FL.DTA","UGMR41FL.DTA","UGGE43FL.shp","UGKR41FL.DTA","UGPR41FL.DTA","UGWI41FL.DTA",NA
"164","4","UP",1,"UPBR42FL.dta",NA,"UPHR42FL.DTA","UPIR42FL.DTA",NA,NA,"UPKR42FL.DTA",NA,NA,NA
"165","4","UZ",1,NA,NA,NA,NA,NA,"UZGE42FL.shp",NA,NA,NA,NA
"166","4","VN",1,"VNBR41FL.dta",NA,"VNHR41FL.DTA","VNIR41FL.DTA",NA,NA,"VNKR41FL.DTA","VNPR41FL.DTA","VNWI41FL.DTA",NA
"167","4","WB",1,"WBBR42FL.dta",NA,"WBHR42FL.DTA","WBIR42FL.DTA",NA,NA,"WBKR42FL.DTA",NA,NA,NA
"168","4","ZM",1,"ZMBR42FL.dta","ZMCR42FL.DTA","ZMHR42FL.DTA","ZMIR42FL.DTA","ZMMR41FL.DTA",NA,"ZMKR42FL.DTA","ZMPR43FL.DTA","ZMWI41FL.DTA",NA
"169","4","ZW",1,"ZWBR42FL.DTA","ZWCR41FL.DTA","ZWHR42FL.DTA","ZWIR42FL.DTA","ZWMR41FL.DTA","ZWGE42FL.shp","ZWKR42FL.DTA","ZWPR42FL.DTA","ZWwi42fl.dta",NA
"170","5","AL",1,"ALBR50FL.DTA",NA,"ALHR50FL.DTA","ALIR50FL.DTA","ALMR50FL.DTA","ALGE51FL.shp","ALKR50FL.DTA","ALPR51FL.DTA",NA,NA
"171","5","AM",1,"AMBR54FL.dta","AMCR52FL.DTA","AMHR54FL.dta","AMIR54FL.dta","AMMR52FL.DTA",NA,"AMKR54FL.dta","AMPR54FL.dta",NA,NA
"172","5","AO",1,NA,NA,"AOHR51FL.DTA","AOIR51FL.DTA",NA,"AOGE52FL.shp","AOKR51FL.DTA","AOPR51FL.DTA",NA,NA
"173","5","AZ",1,"AZBR52FL.DTA","AZCR52FL.DTA","AZHR52FL.DTA","AZIR52FL.DTA","AZMR52FL.DTA",NA,"AZKR52FL.DTA","AZPR52FL.DTA",NA,NA
"174","5","BD",1,"BDBR51FL.DTA","BDCR51FL.DTA","BDHR51FL.DTA","BDIR51FL.DTA","BDMR51FL.DTA","BDGE52FL.shp","BDKR51FL.DTA","BDPR51FL.DTA",NA,NA
"175","5","BJ",1,"BJBR51FL.DTA","BJCR51FL.DTA","BJHR51FL.DTA","BJIR51FL.DTA","BJMR51FL.DTA",NA,"BJKR51FL.DTA","BJPR51FL.DTA",NA,NA
"176","5","BO",1,"BOBR51FL.DTA","BOCR51FL.DTA","BOHR51FL.DTA","BOIR51FL.DTA","BOMR51FL.DTA","BOGE53FL.shp","BOKR51FL.DTA","BOPR51FL.DTA",NA,NA
"177","5","CD",1,"CDBR50FL.DTA","cdcr50fl.dta","cdhr50fl.dta","cdir50fl.dta","cdmr50fl.dta","CDGE52FL.shp","CDKR50FL.DTA","CDPR51FL.DTA",NA,NA
"178","5","CG",1,"CGBR51FL.DTA","CGCR51FL.DTA","CGHR51FL.DTA","CGIR51FL.DTA","CGMR51FL.DTA",NA,"CGKR51FL.DTA","CGPR51FL.DTA",NA,NA
"179","5","CG",2,NA,NA,"CGHR5HFL.DTA","CGIR5HFL.DTA",NA,NA,NA,"CGPR5HFL.DTA",NA,NA
"180","5","CI",1,"CIBR50FL.DTA",NA,"CIHR50FL.dta","CIIR50FL.dta",NA,NA,"CIKR50FL.dta","CIPR51FL.DTA",NA,NA
"181","5","CO",1,"COBR53FL.DTA",NA,"COHR53FL.DTA","COIR53FL.DTA",NA,NA,"COKR53FL.DTA","COPR53FL.DTA",NA,NA
"182","5","DR",1,"DRBR52FL.DTA","DRCR52FL.DTA","DRHR52FL.DTA","DRIR52FL.DTA","DRMR52FL.DTA","DRGE52FL.shp","DRKR52FL.DTA","DRPR52FL.DTA",NA,NA
"183","5","DR",2,"DRBR5AFL.DTA","DRCR5AFL.DTA","DRHR5AFL.DTA","DRIR5AFL.DTA","DRMR5AFL.DTA",NA,"DRKR5AFL.DTA","DRPR5AFL.DTA",NA,NA
"184","5","EG",1,"EGBR51FL.dta",NA,"EGHR51FL.dta","EGIR51FL.DTA",NA,"EGGE52FL.shp","EGKR51FL.dta","EGPR51FL.dta",NA,NA
"185","5","EG",2,"EGBR5AFL.DTA",NA,"EGHR5AFL.DTA","EGIR5AFL.DTA",NA,"EGGE5DFL.shp","EGKR5AFL.DTA","EGPR5AFL.DTA",NA,NA
"186","5","ET",1,"ETBR51FL.DTA","ETCR51FL.DTA","ETHR51FL.DTA","ETIR51FL.DTA","ETMR51FL.DTA","ETGE52FL.shp","ETKR51FL.DTA","ETPR51FL.DTA",NA,NA
"187","5","GH",2,"GHBR5AFL.DTA","GHCR5AFL.DTA","GHHR5AFL.DTA","GHIR5AFL.DTA","GHMR5AFL.DTA","GHGE5AFL.shp","GHKR5AFL.DTA","GHPR5AFL.DTA",NA,NA
"188","5","GN",1,"gnbr52fl.dta","gncr52fl.dta","gnhr52fl.dta","gnir52fl.dta","gnmr52fl.dta","GNGE52FL.shp","gnkr52fl.dta","GNPR53FL.DTA",NA,NA
"189","5","GY",1,"GYBR51FL.DTA",NA,"GYHR51FL.DTA","GYIR51FL.DTA",NA,NA,"GYKR51FL.DTA","GYPR51FL.DTA",NA,NA
"190","5","GY",3,"GYBR5IFL.DTA","GYCR5IFL.DTA","GYHR5IFL.DTA","GYIR5IFL.DTA","GYMR5IFL.DTA","GYGE5JFL.shp","GYKR5IFL.DTA","GYPR5IFL.DTA",NA,NA
"191","5","HN",1,"HNBR52FL.DTA",NA,"HNHR52FL.DTA","HNIR52FL.DTA",NA,NA,"HNKR52FL.DTA","HNPR52FL.DTA",NA,NA
"192","5","HT",1,"HTBR52FL.DTA","HTCR52FL.DTA","HTHR52FL.DTA","HTIR52FL.DTA","HTMR52FL.DTA","HTGE52FL.shp","HTKR52FL.DTA","HTPR52FL.DTA",NA,NA
"193","5","IA",1,"IABR52FL.dta","IACR52FL.dta","IAHR52FL.dta",NA,"IAMR52FL.dta",NA,"IAKR52FL.dta","IAPR52FL.DTA",NA,NA
"194","5","ID",1,"IDBR51FL.DTA","IDCR51FL.DTA","IDHR51FL.DTA","IDIR51FL.DTA","IDMR51FL.DTA",NA,"IDKR51FL.DTA","IDPR52FL.DTA",NA,NA
"195","5","JO",1,"JOBR51FL.DTA",NA,"JOHR51FL.DTA","JOIR51FL.DTA",NA,"JOGE52FL.shp","JOKR51FL.DTA","JOPR51FL.DTA",NA,NA
"196","5","KE",1,"KEBR52FL.DTA","KECR52FL.DTA","KEHR52FL.DTA","KEIR52FL.DTA","KEMR52FL.DTA","KEGE52FL.shp","KEKR52FL.DTA","KEPR52FL.DTA",NA,NA
"197","5","KH",1,"KHBR51FL.DTA","KHCR51FL.DTA","KHHR51FL.DTA","KHIR51FL.DTA","KHMR51FL.DTA","KHGE51FL.shp","KHKR51FL.DTA","KHPR51FL.DTA",NA,NA
"198","5","LB",1,"LBBR51FL.DTA","LBCR51FL.DTA","LBHR51FL.dta","LBIR51FL.DTA","LBMR51FL.DTA","LBGE52FL.shp","LBKR51FL.DTA","LBPR51FL.dta",NA,NA
"199","5","LB",2,"LBBR5AFL.DTA",NA,"LBHR5AFL.DTA","LBIR5AFL.DTA",NA,"LBGE5CFL.shp","LBKR5AFL.DTA","LBPR5AFL.DTA",NA,NA
"200","5","MB",1,"MBBR53FL.DTA","MBCR52FL.DTA","MBHR53FL.DTA","MBIR53FL.DTA","MBMR52FL.DTA","MBGE52FL.shp","MBKR53FL.DTA","MBPR53FL.DTA",NA,NA
"201","5","MD",1,"MDBR51FL.DTA","MDCR51FL.DTA","MDHR51FL.DTA","MDIR51FL.DTA","MDMR51FL.DTA","MDGE53FL.shp","MDKR51FL.DTA","MDPR51FL.DTA",NA,NA
"202","5","ML",1,"MLBR53FL.DTA","MLCR53FL.DTA","MLHR53FL.DTA","MLIR53FL.DTA","MLMR53FL.DTA","MLGE52FL.shp","MLKR53FL.DTA","MLPR53FL.DTA",NA,NA
"203","5","MV",1,"MVBR52FL.DTA","MVCR52FL.DTA","MVHR52FL.DTA","MVIR52FL.DTA","MVMR52FL.DTA",NA,"MVKR52FL.DTA","MVPR52FL.DTA",NA,NA
"204","5","MZ",1,NA,NA,"MZHR51FL.DTA","MZIR51FL.DTA",NA,"MZGE52FL.shp",NA,"MZPR51FL.DTA",NA,NA
"205","5","NG",1,"NGBR53FL.DTA","NGCR53FL.DTA","NGHR53FL.DTA","NGIR53FL.DTA","NGMR52FL.DTA","NGGE52FL.shp","NGKR53FL.DTA","NGPR53FL.DTA",NA,NA
"206","5","NI",1,"NIBR51FL.DTA","NICR51FL.DTA","NIHR51FL.DTA","NIIR51FL.DTA","NIMR51FL.DTA",NA,"NIKR51FL.DTA","NIPR51FL.DTA",NA,NA
"207","5","NM",1,"NMBR51FL.DTA","nmcr51fl.dta","nmhr51fl.dta","nmir51fl.dta","nmmr51fl.dta","NMGE53FL.shp","NMKR51FL.DTA","NMPR52FL.DTA",NA,NA
"208","5","NP",1,"NPBR51FL.DTA","NPCR51FL.dta","NPHR51FL.dta","NPIR51FL.dta","NPMR51FL.dta","NPGE53FL.shp","NPKR51FL.DTA","NPPR51FL.dta",NA,NA
"209","5","PE",1,"PEBR51FL.DTA",NA,"PEHR51FL.DTA","PEIR51FL.DTA",NA,"PEGE52FL.shp","PEKR51FL.DTA","PEPR51FL.DTA",NA,NA
"210","5","PE",3,"PEBR5IFL.DTA",NA,"PEHR5IFL.DTA","PEIR5IFL.DTA",NA,"PEGE5IFL.shp","PEKR5IFL.DTA","PEPR5IFL.DTA",NA,NA
"211","5","PH",1,"PHBR52FL.DTA",NA,"PHHR52FL.DTA","PHIR52FL.DTA",NA,"PHGE52FL.shp","PHKR52FL.DTA","PHPR52FL.DTA",NA,NA
"212","5","PK",1,"PKBR52FL.DTA",NA,"pkhr52fl.dta","pkir52fl.dta",NA,"PKGE51FL.shp","PKKR52FL.DTA","PKPR53FL.DTA",NA,NA
"213","5","RW",1,"RWBR53FL.DTA","RWCR53FL.DTA","RWHR53FL.DTA","RWIR53FL.DTA","RWMR53FL.DTA","RWGE54FL.shp","RWKR53FL.DTA","RWPR53FL.DTA",NA,NA
"214","5","RW",2,"RWBR5AFL.DTA",NA,"RWHR5AFL.DTA","RWIR5AFL.DTA","RWMR5AFL.DTA","RWGE5BFL.shp","RWKR5AFL.DTA","RWPR5AFL.DTA",NA,NA
"215","5","SL",1,"SLBR51FL.DTA","SLCR51FL.DTA","SLHR51FL.DTA","SLIR51FL.DTA","SLMR51FL.DTA","SLGE53FL.shp","SLKR51FL.DTA","SLPR51FL.DTA",NA,NA
"216","5","SN",1,NA,NA,"SNHR50FL.DTA","SNIR50FL.DTA",NA,NA,"SNKR50FL.DTA","SNPR51FL.DTA",NA,NA
"217","5","SN",2,"SNBR5HFL.DTA",NA,"SNHR5HFL.DTA","SNIR5HFL.DTA",NA,"SNGE5AFL.shp","SNKR5HFL.DTA","SNPR5HFL.DTA",NA,NA
"218","5","ST",1,"STBR50FL.DTA","STCR50FL.DTA","STHR50FL.DTA","STIR50FL.DTA","STMR50FL.DTA",NA,"STKR50FL.DTA","STPR50FL.DTA",NA,NA
"219","5","SZ",1,"SZBR51FL.DTA","szcr51fl.dta","szhr51fl.dta","szir51fl.dta","szmr51fl.dta","SZGE53FL.shp","SZKR51FL.DTA","SZPR52FL.DTA",NA,NA
"220","5","TR",1,"TRBR51FL.DTA",NA,"TRHR51FL.DTA","TRIR51FL.DTA",NA,NA,"TRKR51FL.DTA","TRPR51FL.DTA",NA,NA
"221","5","TZ",1,"TZBR51FL.DTA",NA,"TZHR51FL.DTA","TZIR51FL.DTA",NA,"TZGE52FL.shp","TZKR51FL.DTA","TZPR51FL.DTA",NA,NA
"222","5","UA",1,"UABR51FL.DTA","UACR51FL.DTA","UAHR51FL.DTA","UAIR51FL.DTA","UAMR51FL.DTA",NA,"UAKR51FL.DTA","UAPR51FL.DTA",NA,NA
"223","5","UG",1,"UGBR52FL.DTA","UGCR52FL.DTA","UGHR52FL.DTA","UGIR52FL.DTA","UGMR52FL.DTA","UGGE53FL.shp","UGKR52FL.DTA","UGPR52FL.DTA",NA,NA
"224","5","UG",2,"UGBR5HFL.DTA",NA,"UGHR5HFL.DTA","UGIR5HFL.DTA",NA,"UGGE5AFL.shp","UGKR5HFL.DTA","UGPR5HFL.DTA",NA,NA
"225","5","VN",1,NA,NA,"VNHR52FL.DTA","VNIR52FL.DTA",NA,NA,NA,"VNPR53FL.DTA",NA,NA
"226","5","ZM",1,"ZMBR51FL.DTA","ZMCR51FL.DTA","ZMHR51FL.DTA","ZMIR51FL.DTA","ZMMR51FL.DTA","ZMGE52FL.shp","ZMKR51FL.DTA","ZMPR51FL.DTA",NA,NA
"227","5","ZW",1,"ZWBR52FL.DTA","ZWCR52FL.DTA","ZWHR52FL.DTA","ZWIR52FL.DTA","ZWMR52FL.DTA","ZWGE52FL.shp","ZWKR52FL.DTA","ZWPR52FL.DTA",NA,NA
"228","6","AM",1,"AMBR61FL.DTA","AMCR61FL.DTA","AMHR61FL.DTA","AMIR61FL.DTA","AMMR61FL.DTA","AMGE61FL.shp","AMKR61FL.DTA","AMPR61FL.DTA",NA,NA
"229","6","AO",1,"AOBR62FL.DTA",NA,"AOHR62FL.DTA","AOIR62FL.DTA",NA,"AOGE61FL.shp","AOKR62FL.DTA","AOPR62FL.DTA",NA,NA
"230","6","BD",1,"BDBR61FL.DTA","BDCR61FL.DTA","BDHR61FL.DTA","BDIR61FL.DTA","BDMR61FL.DTA","BDGE61FL.shp","BDKR61FL.DTA","BDPR61FL.DTA",NA,NA
"231","6","BF",1,"BFBR62FL.DTA","BFCR62FL.DTA","BFHR62FL.DTA","BFIR62FL.DTA","BFMR62FL.DTA","BFGE61FL.shp","BFKR62FL.DTA","BFPR62FL.DTA",NA,NA
"232","6","BJ",1,"BJBR61FL.DTA","BJCR61FL.DTA","BJHR61FL.DTA","BJIR61FL.DTA","BJMR61FL.DTA","BJGE61FL.shp","BJKR61FL.DTA","BJPR61FL.DTA",NA,NA
"233","6","BU",1,"BUBR61FL.DTA","BUCR61FL.DTA","BUHR61FL.DTA","BUIR61FL.DTA","BUMR61FL.DTA","BUGE61FL.shp","BUKR61FL.DTA","BUPR61FL.DTA",NA,NA
"234","6","BU",2,NA,NA,"BUHR6HFL.DTA","BUIR6HFL.DTA",NA,"BUGE6AFL.shp","BUKR6HFL.DTA","BUPR6HFL.DTA",NA,NA
"235","6","CD",1,"CDBR61FL.DTA","CDCR61FL.DTA","CDHR61FL.DTA","CDIR61FL.DTA","CDMR61FL.DTA","CDGE61FL.shp","CDKR61FL.DTA","CDPR61FL.DTA",NA,NA
"236","6","CG",1,"CGBR60FL.DTA","CGCR60FL.DTA","CGHR60FL.DTA","CGIR60FL.DTA","CGMR60FL.DTA",NA,"CGKR60FL.DTA","CGPR60FL.DTA",NA,NA
"237","6","CI",1,"CIBR62FL.DTA","CICR62FL.DTA","CIHR62FL.DTA","CIIR62FL.DTA","CIMR62FL.DTA","CIGE61FL.shp","CIKR62FL.DTA","CIPR62FL.DTA",NA,NA
"238","6","CM",1,"CMBR61FL.DTA","CMCR61FL.DTA","CMHR61FL.DTA","CMIR61FL.DTA","CMMR61FL.DTA","CMGE61FL.shp","CMKR61FL.DTA","CMPR61FL.DTA",NA,NA
"239","6","CO",1,"COBR61FL.DTA",NA,"COHR61FL.DTA","COIR61FL.DTA",NA,"COGE61FL.shp","COKR61FL.DTA","COPR61FL.DTA",NA,NA
"240","6","DR",1,"DRBR61FL.DTA","DRCR61FL.DTA","DRHR61FL.DTA","DRIR61FL.DTA","DRMR61FL.DTA","DRGE61FL.shp","DRKR61FL.DTA","DRPR61FL.DTA",NA,NA
"241","6","DR",2,"DRBR6AFL.DTA","DRCR6AFL.DTA","DRHR6AFL.DTA","DRIR6AFL.DTA","DRMR6AFL.DTA","DRGE6AFL.shp","DRKR6AFL.DTA","DRPR6AFL.DTA",NA,NA
"242","6","EG",1,"EGBR61FL.DTA",NA,"EGHR61FL.DTA","EGIR61FL.DTA",NA,"EGGE61FL.shp","EGKR61FL.DTA","EGPR61FL.DTA",NA,NA
"243","6","ET",1,"ETBR61FL.DTA","ETCR61FL.DTA","ETHR61FL.DTA","ETIR61FL.DTA","ETMR61FL.DTA","ETGE61FL.shp","ETKR61FL.DTA","ETPR61FL.DTA",NA,NA
"244","6","GA",1,"GABR60FL.DTA","GACR60FL.DTA","GAHR60FL.DTA","GAIR60FL.DTA","GAMR60FL.DTA","GAGE61FL.shp","GAKR60FL.DTA","GAPR61FL.DTA",NA,NA
"245","6","GM",1,"GMBR60FL.DTA","GMCR60FL.DTA","GMHR60FL.DTA","GMIR60FL.DTA","GMMR60FL.DTA",NA,"GMKR60FL.DTA","GMPR60FL.DTA",NA,NA
"246","6","GN",1,"GNBR62FL.DTA","GNCR62FL.DTA","GNHR62FL.DTA","GNIR62FL.DTA","GNMR62FL.DTA","GNGE61FL.shp","GNKR62FL.DTA","GNPR62FL.DTA",NA,NA
"247","6","HN",1,"HNBR62FL.DTA",NA,"HNHR62FL.DTA","HNIR62FL.DTA","HNMR62FL.DTA","HNGE61FL.shp","HNKR62FL.DTA","HNPR62FL.DTA",NA,NA
"248","6","HT",1,"HTBR61FL.DTA","HTCR61FL.DTA","HTHR61FL.DTA","HTIR61FL.DTA","HTMR61FL.DTA","HTGE61FL.shp","HTKR61FL.DTA","HTPR61FL.DTA",NA,NA
"249","6","ID",1,"IDBR63FL.DTA","IDCR63FL.DTA","IDHR63FL.DTA","IDIR63FL.DTA","IDMR63FL.DTA",NA,"IDKR63FL.DTA","IDPR63FL.DTA",NA,NA
"250","6","JO",1,"JOBR61FL.DTA",NA,"JOHR61FL.DTA","JOIR61FL.DTA",NA,NA,"JOKR61FL.DTA","JOPR61FL.DTA",NA,NA
"251","6","JO",2,"JOBR6CFL.DTA",NA,"JOHR6CFL.DTA","JOIR6CFL.DTA",NA,"JOGE6AFL.shp","JOKR6CFL.DTA","JOPR6CFL.DTA",NA,NA
"252","6","KH",1,"KHBR61FL.DTA",NA,"KHHR61FL.DTA","KHIR61FL.DTA","KHMR61FL.DTA","KHGE62FL.shp","KHKR61FL.DTA","KHPR61FL.DTA",NA,NA
"253","6","KM",1,"KMBR61FL.DTA","KMCR61FL.DTA","KMHR61FL.DTA","KMIR61FL.DTA","KMMR61FL.DTA","KMGE61FL.shp","KMKR61FL.DTA","KMPR61FL.DTA",NA,NA
"254","6","KY",1,"KYBR61FL.DTA","KYCR61FL.DTA","KYHR61FL.DTA","KYIR61FL.DTA","KYMR61FL.DTA","KYGE61FL.shp","KYKR61FL.DTA","KYPR61FL.DTA",NA,NA
"255","6","LB",1,NA,NA,"LBHR61FL.DTA","LBIR61FL.DTA",NA,"LBGE61FL.shp","LBKR61FL.DTA","LBPR61FL.DTA",NA,NA
"256","6","LB",2,"LBBR6AFL.DTA","LBCR6AFL.DTA","LBHR6AFL.DTA","LBIR6AFL.DTA","LBMR6AFL.DTA","LBGE6AFL.shp","LBKR6AFL.DTA","LBPR6AFL.DTA",NA,NA
"257","6","LS",1,"LSBR61FL.DTA","LSCR61FL.DTA","LSHR61FL.DTA","LSIR61FL.DTA","LSMR61FL.DTA","LSGE62FL.shp","LSKR61FL.DTA","LSPR61FL.DTA",NA,NA
"258","6","MD",1,NA,NA,"MDHR61FL.DTA","MDIR61FL.DTA",NA,"MDGE61FL.shp","MDKR61FL.DTA","MDPR61FL.DTA",NA,NA
"259","6","MD",2,NA,NA,"MDHR6HFL.DTA","MDIR6HFL.DTA",NA,"MDGE6AFL.shp","MDKR6HFL.DTA","MDPR6HFL.DTA",NA,NA
"260","6","ML",1,NA,NA,"MLHR60FL.DTA",NA,NA,"MLGE63FL.shp",NA,"MLPR61FL.DTA",NA,NA
"261","6","ML",2,"MLBR6HFL.DTA","MLCR6AFL.DTA","MLHR6HFL.DTA","MLIR6HFL.DTA","MLMR6AFL.DTA","MLGE6BFL.shp","MLKR6HFL.DTA","MLPR6HFL.DTA",NA,NA
"262","6","MW",1,"MWBR61FL.DTA","MWCR61FL.DTA","MWHR61FL.DTA","MWIR61FL.DTA","MWMR61FL.DTA","MWGE62FL.shp","MWKR61FL.DTA","MWPR61FL.DTA",NA,NA
"263","6","MW",2,NA,NA,"MWHR6HFL.DTA","MWIR6HFL.DTA",NA,"MWGE6AFL.shp","MWKR6HFL.DTA","MWPR6HFL.DTA",NA,NA
"264","6","MZ",1,"MZBR62FL.DTA","MZCR62FL.DTA","MZHR62FL.DTA","MZIR62FL.DTA","MZMR62FL.DTA","MZGE61FL.shp","MZKR62FL.DTA","MZPR62FL.DTA",NA,NA
"265","6","NG",1,"NGBR61FL.DTA",NA,"NGHR61FL.DTA","NGIR61FL.DTA",NA,"NGGE61FL.shp","NGKR61FL.DTA","NGPR61FL.DTA",NA,NA
"266","6","NG",2,"NGBR6AFL.DTA","NGCR6AFL.DTA","NGHR6AFL.DTA","NGIR6AFL.DTA","NGMR6AFL.DTA","NGGE6AFL.shp","NGKR6AFL.DTA","NGPR6AFL.DTA",NA,NA
"267","6","NI",1,"NIBR61FL.DTA","NICR61FL.DTA","NIHR61FL.DTA","NIIR61FL.DTA","NIMR61FL.DTA",NA,"NIKR61FL.DTA","NIPR61FL.DTA",NA,NA
"268","6","NM",1,"NMBR61FL.DTA","NMCR61FL.DTA","NMHR61FL.DTA","NMIR61FL.DTA","NMMR61FL.DTA","NMGE61FL.shp","NMKR61FL.DTA","NMPR61FL.DTA",NA,NA
"269","6","NP",1,"NPBR60FL.DTA","NPCR60FL.DTA","NPHR60FL.DTA","NPIR60FL.DTA","NPMR60FL.DTA","NPGE61FL.shp","NPKR60FL.DTA","NPPR61FL.DTA",NA,NA
"270","6","PE",1,"PEBR61FL.DTA",NA,"PEHR61FL.DTA","PEIR61FL.DTA",NA,NA,"PEKR61FL.DTA","PEPR61FL.DTA",NA,NA
"271","6","PE",2,"PEBR6AFL.DTA",NA,"PEHR6AFL.DTA","PEIR6AFL.DTA",NA,NA,"PEKR6AFL.DTA","PEPR6AFL.DTA",NA,NA
"272","6","PE",3,"PEBR6IFL.DTA",NA,"PEHR6IFL.DTA","PEIR6IFL.DTA",NA,NA,"PEKR6IFL.DTA","PEPR6IFL.DTA",NA,NA
"273","6","PH",1,"PHBR61FL.DTA",NA,"PHHR61FL.DTA","PHIR61FL.DTA",NA,NA,"PHKR61FL.DTA","PHPR62FL.DTA",NA,NA
"274","6","PK",1,"PKBR61FL.DTA",NA,"PKHR61FL.DTA","PKIR61FL.DTA","PKMR61FL.DTA",NA,"PKKR61FL.DTA","PKPR61FL.DTA",NA,NA
"275","6","RW",1,"RWBR61FL.DTA","RWCR61FL.DTA","RWHR61FL.DTA","RWIR61FL.DTA","RWMR61FL.DTA","RWGE61FL.shp","RWKR61FL.DTA","RWPR61FL.DTA",NA,NA
"276","6","RW",3,NA,NA,"RWHR6QFL.DTA","RWIR6QFL.DTA",NA,NA,"RWKR6QFL.DTA","RWPR6QFL.DTA",NA,NA
"277","6","SL",1,"SLBR61FL.DTA","SLCR61FL.DTA","SLHR61FL.DTA","SLIR61FL.DTA","SLMR61FL.DTA","SLGE61FL.shp","SLKR61FL.DTA","SLPR61FL.DTA",NA,NA
"278","6","SN",1,"SNBR61FL.DTA","SNCR61FL.DTA","SNHR61FL.DTA","SNIR61FL.DTA","SNMR61FL.DTA","SNGE61FL.shp","SNKR61FL.DTA","SNPR61FL.DTA",NA,NA
"279","6","SN",2,"SNBR6DFL.DTA",NA,"SNHR6DFL.DTA","SNIR6DFL.DTA",NA,"SNGE6AFL.shp","SNKR6DFL.DTA","SNPR6DFL.DTA",NA,NA
"280","6","SN",4,"SNBR6RFL.DTA","SNCR6RFL.DTA","SNHR6RFL.DTA","SNIR6RFL.DTA","SNMR6RFL.DTA","SNGE6RFL.shp","SNKR6RFL.DTA","SNPR6RFL.DTA",NA,NA
"281","6","TG",1,"TGBR61FL.DTA","TGCR61FL.DTA","TGHR61FL.DTA","TGIR61FL.DTA","TGMR61FL.DTA","TGGE62FL.shp","TGKR61FL.DTA","TGPR61FL.DTA",NA,NA
"282","6","TJ",1,"TJBR61FL.DTA",NA,"TJHR61FL.DTA","TJIR61FL.DTA",NA,"TJGE61FL.shp","TJKR61FL.DTA","TJPR61FL.DTA",NA,NA
"283","6","TL",1,"TLBR61FL.DTA","TLCR61FL.DTA","TLHR61FL.DTA","TLIR61FL.DTA","TLMR61FL.DTA","TLGE62FL.shp","TLKR61FL.DTA","TLPR61FL.DTA",NA,NA
"284","6","TR",1,"TRBR61FL.DTA",NA,"TRHR61FL.DTA","TRIR61FL.DTA",NA,NA,"TRKR61FL.DTA","TRPR61FL.DTA",NA,NA
"285","6","TZ",1,"TZBR63FL.DTA","TZCR63FL.DTA","TZHR63FL.DTA","TZIR63FL.DTA","TZMR61FL.DTA","TZGE61FL.shp","TZKR63FL.DTA","TZPR63FL.DTA",NA,NA
"286","6","TZ",2,"TZBR6AFL.DTA",NA,"TZHR6AFL.DTA","TZIR6AFL.DTA",NA,"TZGE6AFL.shp","TZKR6AFL.DTA","TZPR6AFL.DTA",NA,NA
"287","6","UG",1,"UGBR60FL.DTA","UGCR60FL.DTA","UGHR60FL.DTA","UGIR60FL.DTA","UGMR60FL.DTA","UGGE61FL.shp","UGKR60FL.DTA","UGPR61FL.DTA",NA,NA
"288","6","UG",2,NA,NA,"UGHR6AFL.DTA","UGIR6AFL.DTA",NA,"UGGE6AFL.shp",NA,"UGPR6AFL.DTA",NA,NA
"289","6","YE",1,"YEBR61FL.DTA",NA,"YEHR61FL.DTA","YEIR61FL.DTA",NA,NA,"YEKR61FL.DTA","YEPR61FL.DTA",NA,NA
"290","6","ZM",1,"ZMBR61FL.DTA","ZMCR61FL.DTA","ZMHR61FL.DTA","ZMIR61FL.DTA","ZMMR61FL.DTA","ZMGE61FL.shp","ZMKR61FL.DTA","ZMPR61FL.DTA",NA,NA
"291","6","ZW",1,"ZWBR62FL.DTA","ZWCR62FL.DTA","ZWHR62FL.DTA","ZWIR62FL.DTA","ZWMR62FL.DTA","ZWGE61FL.shp","ZWKR62FL.DTA","ZWPR62FL.DTA",NA,NA
"292","7","AF",1,"AFBR70FL.DTA","AFCR70FL.DTA","AFHR70FL.DTA","AFIR70FL.DTA","AFMR70FL.DTA",NA,"AFKR70FL.DTA","AFPR70FL.DTA",NA,NA
"293","7","AL",1,"ALBR71FL.DTA",NA,"ALHR71FL.DTA","ALIR71FL.DTA","ALMR71FL.DTA","ALGE71FL.shp","ALKR71FL.DTA","ALPR71FL.DTA",NA,NA
"294","7","AM",1,"AMBR72FL.DTA","AMCR72FL.DTA","AMHR72FL.DTA","AMIR72FL.DTA","AMMR72FL.DTA","AMGE71FL.shp","AMKR72FL.DTA","AMPR72FL.DTA",NA,NA
"295","7","AO",1,"AOBR71FL.DTA","AOCR71FL.DTA","AOHR71FL.DTA","AOIR71FL.DTA","AOMR71FL.DTA","AOGE71FL.shp","AOKR71FL.DTA","AOPR71FL.DTA",NA,NA
"296","7","BD",1,"BDBR72FL.DTA",NA,"BDHR72FL.DTA","BDIR72FL.DTA",NA,"BDGE71FL.shp","BDKR72FL.DTA","BDPR72FL.DTA",NA,NA
"297","7","BD",4,"BDBR7RFL.DTA",NA,"BDHR7RFL.DTA","BDIR7RFL.DTA",NA,"BDGE7RFL.shp","BDKR7RFL.DTA","BDPR7RFL.DTA",NA,"BDSQ7RFL.DTA"
"298","7","BF",1,NA,NA,"BFHR70FL.DTA","BFIR70FL.DTA",NA,"BFGE71FL.shp","BFKR70FL.DTA","BFPR71FL.DTA",NA,NA
"299","7","BF",2,NA,NA,NA,"BFIR7AFL.DTA",NA,"BFGE7AFL.shp","BFKR7AFL.DTA","BFPR7AFL.DTA",NA,NA
"300","7","BJ",1,"BJBR71FL.DTA","BJCR71FL.DTA","BJHR71FL.DTA","BJIR71FL.DTA","BJMR71FL.DTA","BJGE71FL.shp","BJKR71FL.DTA","BJPR71FL.DTA",NA,NA
"301","7","BU",1,"BUBR70FL.DTA","BUCR70FL.DTA","BUHR70FL.DTA","BUIR70FL.DTA","BUMR70FL.DTA","BUGE71FL.shp","BUKR70FL.DTA","BUPR71FL.DTA",NA,NA
"302","7","CM",1,NA,NA,NA,"CMIR71FL.DTA",NA,"CMGE71FL.shp",NA,"CMPR71FL.DTA",NA,NA
"303","7","CO",1,"COBR72FL.DTA","COCR71FL.DTA","COHR72FL.DTA","COIR72FL.DTA","COMR71FL.DTA",NA,"COKR72FL.DTA","COPR72FL.DTA",NA,NA
"304","7","ET",1,"ETBR70FL.DTA","ETCR70FL.DTA","ETHR70FL.DTA","ETIR70FL.DTA","ETMR70FL.DTA","ETGE71FL.shp","ETKR70FL.DTA","ETPR71FL.DTA",NA,NA
"305","7","GH",1,"GHBR72FL.DTA","GHCR71FL.DTA","GHHR72FL.DTA","GHIR72FL.DTA","GHMR71FL.DTA","GHGE71FL.shp","GHKR72FL.DTA","GHPR72FL.DTA",NA,NA
"306","7","GH",2,NA,NA,"GHHR7BFL.DTA","GHIR7BFL.DTA",NA,"GHGE7AFL.shp","GHKR7BFL.DTA","GHPR7BFL.DTA",NA,NA
"307","7","GH",3,NA,NA,NA,NA,NA,"GHGE7IFL.shp",NA,NA,NA,NA
"308","7","GN",1,NA,NA,NA,"GNIR71FL.DTA",NA,"GNGE71FL.shp",NA,"GNPR71FL.DTA",NA,NA
"309","7","GU",1,"GUBR71FL.DTA",NA,"GUHR71FL.DTA","GUIR71FL.DTA","GUMR71FL.DTA","GUGE71FL.shp","GUKR71FL.DTA","GUPR71FL.DTA",NA,NA
"310","7","HT",1,"HTBR70FL.DTA","HTCR70FL.DTA","HTHR70FL.DTA","HTIR70FL.DTA","HTMR70FL.DTA","HTGE71FL.shp","HTKR70FL.DTA","HTPR71FL.DTA",NA,NA
"311","7","IA",1,"IABR74FL.DTA","IACR74FL.DTA","IAHR74FL.DTA","IAIR74FL.DTA","IAMR74FL.DTA","IAGE71FL.shp","IAKR74FL.DTA","IAPR74FL.DTA",NA,NA
"312","7","ID",1,"IDBR71FL.DTA","IDCR71FL.DTA","IDHR71FL.DTA","IDIR71FL.DTA","IDMR71FL.DTA",NA,"IDKR71FL.DTA","IDPR71FL.DTA",NA,NA
"313","7","JO",1,"JOBR71FL.DTA","JOCR71FL.DTA","JOHR71FL.DTA","JOIR71FL.DTA","JOMR71FL.DTA","JOGE71FL.shp","JOKR71FL.DTA","JOPR73FL.DTA",NA,NA
"314","7","KE",1,"KEBR71FL.DTA","KECR70FL.DTA","KEHR71FL.DTA","KEIR71FL.DTA","KEMR70FL.DTA","KEGE71FL.shp","KEKR71FL.DTA","KEPR72FL.DTA",NA,NA
"315","7","KE",2,NA,NA,"KEHR7HFL.DTA","KEIR7HFL.DTA",NA,"KEGE7AFL.shp","KEKR7HFL.DTA","KEPR7HFL.DTA",NA,NA
"316","7","KH",1,"KHBR73FL.DTA","KHCR73FL.DTA","KHHR73FL.DTA","KHIR73FL.DTA","KHMR72FL.DTA","KHGE71FL.shp","KHKR73FL.DTA","KHPR73FL.DTA",NA,NA
"317","7","LB",1,NA,NA,"LBHR71FL.DTA","LBIR71FL.DTA",NA,"LBGE71FL.shp","LBKR71FL.DTA","LBPR71FL.DTA",NA,NA
"318","7","LS",1,"LSBR71FL.DTA","LSCR71FL.DTA","LSHR71FL.DTA","LSIR71FL.DTA","LSMR71FL.DTA","LSGE71FL.shp","LSKR71FL.DTA","LSPR71FL.DTA",NA,NA
"319","7","MD",1,NA,NA,"MDHR71FL.DTA","MDIR71FL.DTA",NA,"MDGE71FL.shp","MDKR71FL.DTA","MDPR71FL.DTA",NA,NA
"320","7","ML",1,NA,NA,"MLHR70FL.DTA","MLIR70FL.DTA",NA,"MLGE71FL.shp","MLKR70FL.DTA","MLPR72FL.DTA",NA,NA
"321","7","ML",2,NA,NA,NA,"MLIR7AFL.DTA",NA,"MLGE7AFL.shp",NA,"MLPR7AFL.DTA",NA,NA
"322","7","MM",1,"MMBR71FL.DTA","MMCR71FL.DTA","MMHR71FL.DTA","MMIR71FL.DTA","MMMR71FL.DTA","MMGE71FL.shp","MMKR71FL.DTA","MMPR71FL.DTA",NA,NA
"323","7","MV",1,"MVBR71FL.DTA",NA,"MVHR71FL.DTA","MVIR71FL.DTA","MVMR71FL.DTA",NA,"MVKR71FL.DTA","MVPR71FL.DTA",NA,NA
"324","7","MW",1,NA,NA,"MWHR71FL.DTA","MWIR71FL.DTA",NA,"MWGE71FL.shp","MWKR71FL.DTA","MWPR71FL.DTA",NA,NA
"325","7","MW",2,"MWBR7HFL.DTA","MWCR7HFL.DTA","MWHR7HFL.DTA","MWIR7HFL.DTA","MWMR7HFL.DTA","MWGE7AFL.shp","MWKR7HFL.DTA","MWPR7HFL.DTA",NA,NA
"326","7","MW",3,NA,NA,"MWHR7IFL.DTA","MWIR7IFL.DTA",NA,"MWGE7IFL.shp","MWKR7IFL.DTA","MWPR7IFL.DTA",NA,NA
"327","7","MZ",1,"MZBR71FL.DTA","MZCR71FL.DTA","MZHR71FL.DTA","MZIR71FL.DTA","MZMR71FL.DTA","MZGE71FL.shp","MZKR71FL.DTA","MZPR71FL.DTA",NA,NA
"328","7","MZ",2,NA,NA,NA,"MZIR7AFL.DTA",NA,"MZGE7AFL.shp","MZKR7AFL.DTA","MZPR7AFL.DTA",NA,NA
"329","7","NG",1,NA,NA,"NGHR71FL.DTA","NGIR71FL.DTA",NA,"NGGE71FL.shp","NGKR71FL.DTA","NGPR71FL.DTA",NA,NA
"330","7","NG",2,NA,NA,NA,"NGIR7AFL.DTA",NA,"NGGE7AFL.shp","NGKR7AFL.DTA","NGPR7AFL.DTA",NA,NA
"331","7","NP",2,"NPBR7HFL.DTA","NPCR7HFL.DTA","NPHR7HFL.DTA","NPIR7HFL.DTA","NPMR7HFL.DTA","NPGE7AFL.shp","NPKR7HFL.DTA","NPPR7HFL.DTA",NA,NA
"332","7","PH",1,"PHBR70FL.DTA",NA,"PHHR70FL.DTA","PHIR70FL.DTA",NA,"PHGE71FL.shp","PHKR70FL.DTA","PHPR71FL.DTA",NA,NA
"333","7","PK",1,"PKBR71FL.DTA","PKCR71FL.DTA","PKHR71FL.DTA","PKIR71FL.DTA","PKMR71FL.DTA","PKGE71FL.shp","PKKR71FL.DTA","PKPR71FL.DTA",NA,NA
"334","7","RW",1,"RWBR70FL.DTA","RWCR70FL.DTA","RWHR70FL.DTA","RWIR70FL.DTA","RWMR70FL.DTA","RWGE72FL.shp","RWKR70FL.DTA","RWPR70FL.DTA",NA,NA
"335","7","RW",2,NA,NA,"RWHR7AFL.DTA","RWIR7AFL.DTA",NA,NA,"RWKR7AFL.DTA","RWPR7AFL.DTA",NA,NA
"336","7","SL",1,NA,NA,"SLHR71FL.DTA","SLIR71FL.DTA",NA,"SLGE71FL.shp","SLKR71FL.DTA","SLPR72FL.DTA",NA,NA
"337","7","SL",2,"SLBR7AFL.DTA","SLCR7AFL.DTA","SLHR7AFL.DTA","SLIR7AFL.DTA","SLMR7AFL.DTA","SLGE7AFL.shp","SLKR7AFL.DTA","SLPR7AFL.DTA",NA,NA
"338","7","SN",1,NA,NA,NA,"SNIR70FL.DTA",NA,"SNGE71FL.shp","SNKR70FL.DTA","SNPR70FL.DTA",NA,NA
"339","7","SN",2,"SNBR7HFL.DTA","SNCR7HFL.DTA","SNHR7HFL.DTA","SNIR7HFL.DTA","SNMR7HFL.DTA","SNGE7AFL.shp","SNKR7HFL.DTA","SNPR7HFL.DTA",NA,NA
"340","7","SN",3,NA,NA,NA,"SNIR7IFL.DTA",NA,"SNGE7IFL.shp","SNKR7IFL.DTA","SNPR7IFL.DTA",NA,NA
"341","7","SN",4,"SNBR7ZFL.DTA","SNCR7ZFL.DTA","SNHR7ZFL.DTA","SNIR7ZFL.DTA","SNMR7ZFL.DTA",NA,"SNKR7ZFL.DTA","SNPR7ZFL.DTA",NA,NA
"342","7","TD",1,"TDBR71FL.DTA","TDCR71FL.DTA","TDHR71FL.DTA","TDIR71FL.DTA","TDMR71FL.DTA","TDGE71FL.shp","TDKR71FL.DTA","TDPR71FL.DTA",NA,NA
"343","7","TG",1,NA,NA,"TGHR71FL.DTA","TGIR71FL.DTA",NA,"TGGE71FL.shp","TGKR71FL.DTA","TGPR71FL.DTA",NA,NA
"344","7","TJ",1,"TJBR70FL.DTA",NA,"TJHR70FL.DTA","TJIR70FL.DTA",NA,"TJGE71FL.shp","TJKR70FL.DTA","TJPR71FL.DTA",NA,NA
"345","7","TL",1,"TLBR71FL.DTA","TLCR71FL.DTA","TLHR71FL.DTA","TLIR71FL.DTA","TLMR71FL.DTA","TLGE71FL.shp","TLKR71FL.DTA","TLPR71FL.DTA",NA,NA
"346","7","TZ",2,"TZBR7BFL.DTA","TZCR7BFL.DTA","TZHR7BFL.DTA","TZIR7BFL.DTA","TZMR7BFL.DTA","TZGE7AFL.shp","TZKR7BFL.DTA","TZPR7BFL.DTA",NA,NA
"347","7","TZ",3,NA,NA,"TZHR7QFL.DTA","TZIR7QFL.DTA",NA,"TZGE7IFL.shp","TZKR7QFL.DTA","TZPR7QFL.DTA",NA,NA
"348","7","UG",1,NA,NA,"UGHR72FL.DTA","UGIR72FL.DTA",NA,"UGGE71FL.shp","UGKR72FL.DTA","UGPR72FL.DTA",NA,NA
"349","7","UG",2,"UGBR7AFL.DTA","UGCR7AFL.DTA","UGHR7AFL.DTA","UGIR7AFL.DTA","UGMR7AFL.DTA","UGGE7AFL.shp","UGKR7AFL.DTA","UGPR7BFL.DTA",NA,NA
"350","7","UG",3,NA,NA,NA,"UGIR7IFL.DTA",NA,"UGGE7IFL.shp","UGKR7IFL.DTA","UGPR7IFL.DTA",NA,NA
"351","7","ZA",1,"ZABR71FL.DTA","ZACR71FL.DTA","ZAHR71FL.DTA","ZAIR71FL.DTA","ZAMR71FL.DTA","ZAGE71FL.shp","ZAKR71FL.DTA","ZAPR71FL.DTA",NA,NA
"352","7","ZM",1,NA,NA,NA,"ZMIR71FL.DTA",NA,"ZMGE71FL.shp",NA,"ZMPR71FL.DTA",NA,NA
"353","7","ZW",1,"ZWBR71FL.DTA","ZWCR71FL.DTA","ZWHR71FL.DTA","ZWIR71FL.DTA","ZWMR71FL.DTA","ZWGE72FL.shp","ZWKR71FL.DTA","ZWPR72FL.DTA",NA,NA
"354","8","GH",1,NA,NA,NA,"GHIR82FL.DTA",NA,"GHGE81FL.shp","GHKR82FL.DTA","GHPR82FL.DTA",NA,NA
"355","8","SN",1,NA,NA,NA,NA,NA,NA,NA,"SNPR80FL.DTA",NA,NA
"356","8","SN",2,"SNBR8AFL.DTA","SNCR8AFL.DTA","SNHR8AFL.DTA","SNIR8AFL.DTA","SNMR8AFL.DTA","SNGE8AFL.shp","SNKR8AFL.DTA","SNPR8AFL.DTA",NA,NA
"357","G","SN",1,"SNBRG0FL.DTA","SNCRG0FL.DTA","SNHRG0FL.DTA","SNIRG0FL.DTA","SNMRG0FL.DTA",NA,"SNKRG0FL.DTA","SNPRG0FL.DTA",NA,NA
